product,sales,region
P0,19.89339003767355,R1
P1,29.76348585554878,R3
P2,43.09151907898701,R1
P3,70.52384378007622,R2
P4,53.76040341080009,R3
